question_id,option_id,option_label,weighted_share,weighted_percent,weighted_n,unweighted_n,is_missing,source_url
2023-032_q1,1,Joe Biden,0.3275899586941068,32.76,327.5899586941077,376,false,https://reports.verasight.io/reports/mpsa-2023-omnibus-survey-2023-032#who-do-you-think-will-win-the-2024-us-presidential-election
2023-032_q1,2,Donald Trump,0.2976390974751215,29.76,297.63909747512236,249,false,https://reports.verasight.io/reports/mpsa-2023-omnibus-survey-2023-032#who-do-you-think-will-win-the-2024-us-presidential-election
2023-032_q1,3,Ron DeSantis,0.12551143864601177,12.55,125.51143864601212,112,false,https://reports.verasight.io/reports/mpsa-2023-omnibus-survey-2023-032#who-do-you-think-will-win-the-2024-us-presidential-election
2023-032_q1,4,Gavin Newsom,0.027046848266423,2.7,27.046848266423073,27,false,https://reports.verasight.io/reports/mpsa-2023-omnibus-survey-2023-032#who-do-you-think-will-win-the-2024-us-presidential-election
2023-032_q1,5,Some other Democrat,0.12651493141828635,12.65,126.51493141828668,139,false,https://reports.verasight.io/reports/mpsa-2023-omnibus-survey-2023-032#who-do-you-think-will-win-the-2024-us-presidential-election
2023-032_q1,6,Some other Republican,0.09569772550005069,9.57,95.69772550005095,97,false,https://reports.verasight.io/reports/mpsa-2023-omnibus-survey-2023-032#who-do-you-think-will-win-the-2024-us-presidential-election
2023-032_q10,1,Strongly Disagree,0.0425012432410763,4.25,42.4492245190958,48,false,https://reports.verasight.io/reports/mpsa-2023-omnibus-survey-2023-032#please-rate-the-extent-to-which-you-agree-or-disagree-with-the-following-statement-i-enjoy-competition-as-it-allows-me-to-discover-my-abilities
2023-032_q10,2,Disagree,0.04565583520813642,4.57,45.59995547339528,50,false,https://reports.verasight.io/reports/mpsa-2023-omnibus-survey-2023-032#please-rate-the-extent-to-which-you-agree-or-disagree-with-the-following-statement-i-enjoy-competition-as-it-allows-me-to-discover-my-abilities
2023-032_q10,3,Somewhat Disagree,0.06797365365476007,6.8,67.89045838041459,65,false,https://reports.verasight.io/reports/mpsa-2023-omnibus-survey-2023-032#please-rate-the-extent-to-which-you-agree-or-disagree-with-the-following-statement-i-enjoy-competition-as-it-allows-me-to-discover-my-abilities
2023-032_q10,4,Neither Agree nor Disagree,0.21087908781195577,21.09,210.6209857000206,216,false,https://reports.verasight.io/reports/mpsa-2023-omnibus-survey-2023-032#please-rate-the-extent-to-which-you-agree-or-disagree-with-the-following-statement-i-enjoy-competition-as-it-allows-me-to-discover-my-abilities
2023-032_q10,5,Somewhat Agree,0.28529350062157277,28.53,284.94432017036814,277,false,https://reports.verasight.io/reports/mpsa-2023-omnibus-survey-2023-032#please-rate-the-extent-to-which-you-agree-or-disagree-with-the-following-statement-i-enjoy-competition-as-it-allows-me-to-discover-my-abilities
2023-032_q10,6,Agree,0.2179265648313127,21.79,217.65983707175462,209,false,https://reports.verasight.io/reports/mpsa-2023-omnibus-survey-2023-032#please-rate-the-extent-to-which-you-agree-or-disagree-with-the-following-statement-i-enjoy-competition-as-it-allows-me-to-discover-my-abilities
2023-032_q10,7,Strongly Agree,0.129770114631186,12.98,129.61128455941406,134,false,https://reports.verasight.io/reports/mpsa-2023-omnibus-survey-2023-032#please-rate-the-extent-to-which-you-agree-or-disagree-with-the-following-statement-i-enjoy-competition-as-it-allows-me-to-discover-my-abilities
2023-032_q11,1,Take the lead,0.4941108927632028,49.41,493.5061335797504,521,false,https://reports.verasight.io/reports/mpsa-2023-omnibus-survey-2023-032#do-you-think-that-politicians-should-take-the-lead-in-drastically-reducing-us-carbon-emissions-or-should-wait-until-they-have-evidence-that-the-public-supports-such-action
2023-032_q11,2,Wait for public support,0.3396644350591235,33.97,339.2487081658234,307,false,https://reports.verasight.io/reports/mpsa-2023-omnibus-survey-2023-032#do-you-think-that-politicians-should-take-the-lead-in-drastically-reducing-us-carbon-emissions-or-should-wait-until-they-have-evidence-that-the-public-supports-such-action
2023-032_q11,3,Don’t know,0.16622467217767375,16.62,166.02122412888932,171,false,https://reports.verasight.io/reports/mpsa-2023-omnibus-survey-2023-032#do-you-think-that-politicians-should-take-the-lead-in-drastically-reducing-us-carbon-emissions-or-should-wait-until-they-have-evidence-that-the-public-supports-such-action
2023-032_q12,1,"High inflation/Thriving economy, low unemployment",0.7301130813738895,73.01,729.2194710580951,735,false,https://reports.verasight.io/reports/mpsa-2023-omnibus-survey-2023-032#if-you-had-to-choose-between-one-of-the-two-options-which-would-you-select-1-high-inflation-but-a-thriving-economy-and-low-unemployment-or-2-low-inflation-but-high-unemployment-and-a-recession
2023-032_q12,2,"Low inflation/Recession, high unemployment",0.2698869186261105,26.99,269.556594816368,264,false,https://reports.verasight.io/reports/mpsa-2023-omnibus-survey-2023-032#if-you-had-to-choose-between-one-of-the-two-options-which-would-you-select-1-high-inflation-but-a-thriving-economy-and-low-unemployment-or-2-low-inflation-but-high-unemployment-and-a-recession
2023-032_q13,1,Strongly Against,0.08231212271452124,8.23,82.21137809858554,78,false,https://reports.verasight.io/reports/mpsa-2023-omnibus-survey-2023-032#would-you-be-against-or-in-favor-of-the-government-spending-more-on-education-and-training-programs-for-the-unemployed-at-the-cost-of-reducing-unemployment-benefits
2023-032_q13,2,Against,0.17910978290697366,17.91,178.8905643314563,186,false,https://reports.verasight.io/reports/mpsa-2023-omnibus-survey-2023-032#would-you-be-against-or-in-favor-of-the-government-spending-more-on-education-and-training-programs-for-the-unemployed-at-the-cost-of-reducing-unemployment-benefits
2023-032_q13,3,In Favor,0.5512375226713897,55.12,550.5628442561157,539,false,https://reports.verasight.io/reports/mpsa-2023-omnibus-survey-2023-032#would-you-be-against-or-in-favor-of-the-government-spending-more-on-education-and-training-programs-for-the-unemployed-at-the-cost-of-reducing-unemployment-benefits
2023-032_q13,4,Strongly In Favor,0.18734057170711554,18.73,187.1112791883056,196,false,https://reports.verasight.io/reports/mpsa-2023-omnibus-survey-2023-032#would-you-be-against-or-in-favor-of-the-government-spending-more-on-education-and-training-programs-for-the-unemployed-at-the-cost-of-reducing-unemployment-benefits
2023-032_q14,1,Strongly approve,0.23197726280067504,23.2,231.69333791238464,197,false,https://reports.verasight.io/reports/mpsa-2023-omnibus-survey-2023-032#do-you-approve-or-disapprove-of-donald-trump
2023-032_q14,2,Somewhat approve,0.2341953673873362,23.42,233.90872768514816,220,false,https://reports.verasight.io/reports/mpsa-2023-omnibus-survey-2023-032#do-you-approve-or-disapprove-of-donald-trump
2023-032_q14,3,Somewhat disapprove,0.1373202207673047,13.73,137.15214986298133,133,false,https://reports.verasight.io/reports/mpsa-2023-omnibus-survey-2023-032#do-you-approve-or-disapprove-of-donald-trump
2023-032_q14,4,Strongly disapprove,0.39650714904468415,39.65,396.021850413949,449,false,https://reports.verasight.io/reports/mpsa-2023-omnibus-survey-2023-032#do-you-approve-or-disapprove-of-donald-trump
2023-032_q15,1,All of the time,0.05598759921191229,5.6,55.91907407862995,57,false,https://reports.verasight.io/reports/mpsa-2023-omnibus-survey-2023-032#how-much-do-you-think-news-coverage-in-america-accurately-represents-current-situations-on-the-ground
2023-032_q15,2,Most of the time,0.2079933242196711,20.8,207.73875409227477,239,false,https://reports.verasight.io/reports/mpsa-2023-omnibus-survey-2023-032#how-much-do-you-think-news-coverage-in-america-accurately-represents-current-situations-on-the-ground
2023-032_q15,3,Sometimes,0.3766360842034329,37.66,376.1751064470677,378,false,https://reports.verasight.io/reports/mpsa-2023-omnibus-survey-2023-032#how-much-do-you-think-news-coverage-in-america-accurately-represents-current-situations-on-the-ground
2023-032_q15,4,"Rarely, but it is accurate sometimes",0.25500668970113133,25.5,254.69457831136592,235,false,https://reports.verasight.io/reports/mpsa-2023-omnibus-survey-2023-032#how-much-do-you-think-news-coverage-in-america-accurately-represents-current-situations-on-the-ground
2023-032_q15,5,Never,0.10437630266385245,10.44,104.24855294512479,90,false,https://reports.verasight.io/reports/mpsa-2023-omnibus-survey-2023-032#how-much-do-you-think-news-coverage-in-america-accurately-represents-current-situations-on-the-ground
2023-032_q17,1,Extremely important,0.4750824815388073,47.51,474.2707084755695,475,false,https://reports.verasight.io/reports/mpsa-2023-omnibus-survey-2023-032#in-comparison-to-other-issues-how-important-should-issues-of-water-be-to-the-federal-government
2023-032_q17,2,Somewhat important,0.25531729299921824,25.53,254.8810325411095,265,false,https://reports.verasight.io/reports/mpsa-2023-omnibus-survey-2023-032#in-comparison-to-other-issues-how-important-should-issues-of-water-be-to-the-federal-government
2023-032_q17,3,Equally important to all other issues,0.21697419983643085,21.7,216.6034561915078,213,false,https://reports.verasight.io/reports/mpsa-2023-omnibus-survey-2023-032#in-comparison-to-other-issues-how-important-should-issues-of-water-be-to-the-federal-government
2023-032_q17,4,Somewhat not important,0.031327190415645134,3.13,31.273661669975603,28,false,https://reports.verasight.io/reports/mpsa-2023-omnibus-survey-2023-032#in-comparison-to-other-issues-how-important-should-issues-of-water-be-to-the-federal-government
2023-032_q17,5,Not important at all,0.021298835209898528,2.13,21.262441906896207,17,false,https://reports.verasight.io/reports/mpsa-2023-omnibus-survey-2023-032#in-comparison-to-other-issues-how-important-should-issues-of-water-be-to-the-federal-government
2023-032_q18,1,Very knowledgeable,0.10245210878765977,10.25,102.2770489498052,96,false,https://reports.verasight.io/reports/mpsa-2023-omnibus-survey-2023-032#how-knowledgeable-would-you-describe-yourself-of-water-scarcity-challenges-in-the-colorado-river
2023-032_q18,2,Moderately knowledgeable,0.24147146941974476,24.15,241.0588673095165,242,false,https://reports.verasight.io/reports/mpsa-2023-omnibus-survey-2023-032#how-knowledgeable-would-you-describe-yourself-of-water-scarcity-challenges-in-the-colorado-river
2023-032_q18,3,Mildly knowledgeable,0.2742855639672723,27.43,273.81689243945164,273,false,https://reports.verasight.io/reports/mpsa-2023-omnibus-survey-2023-032#how-knowledgeable-would-you-describe-yourself-of-water-scarcity-challenges-in-the-colorado-river
2023-032_q18,4,Not at all knowledgeable,0.3817908578253232,38.18,381.1384920862853,387,false,https://reports.verasight.io/reports/mpsa-2023-omnibus-survey-2023-032#how-knowledgeable-would-you-describe-yourself-of-water-scarcity-challenges-in-the-colorado-river
2023-032_q19,1,Yes,0.6340590531596266,63.41,632.9756369532663,648,false,https://reports.verasight.io/reports/mpsa-2023-omnibus-survey-2023-032#should-the-epa-environmental-protection-agency-do-more
2023-032_q19,2,No,0.10664441608054354,10.66,106.46219285050883,95,false,https://reports.verasight.io/reports/mpsa-2023-omnibus-survey-2023-032#should-the-epa-environmental-protection-agency-do-more
2023-032_q19,3,Don’t Know,0.24996635455814878,25.0,249.53923724435353,243,false,https://reports.verasight.io/reports/mpsa-2023-omnibus-survey-2023-032#should-the-epa-environmental-protection-agency-do-more
2023-032_q19,4,Refuse to Answer,0.009330176201680996,0.93,9.31423373692992,12,false,https://reports.verasight.io/reports/mpsa-2023-omnibus-survey-2023-032#should-the-epa-environmental-protection-agency-do-more
2023-032_q2,1,Strongly disagree 1,0.2524064762126323,25.24,252.40647621263298,257,false,https://reports.verasight.io/reports/mpsa-2023-omnibus-survey-2023-032#to-what-extent-do-you-agree-with-the-following-statement-there-are-cases-in-which-my-representative-s-know-better-than-me-what-s-good-for-me
2023-032_q2,2,2,0.12314774321002107,12.31,123.1477432100214,121,false,https://reports.verasight.io/reports/mpsa-2023-omnibus-survey-2023-032#to-what-extent-do-you-agree-with-the-following-statement-there-are-cases-in-which-my-representative-s-know-better-than-me-what-s-good-for-me
2023-032_q2,3,3,0.12557562917672926,12.56,125.57562917672962,119,false,https://reports.verasight.io/reports/mpsa-2023-omnibus-survey-2023-032#to-what-extent-do-you-agree-with-the-following-statement-there-are-cases-in-which-my-representative-s-know-better-than-me-what-s-good-for-me
2023-032_q2,4,4,0.2246576749406001,22.47,224.6576749406007,221,false,https://reports.verasight.io/reports/mpsa-2023-omnibus-survey-2023-032#to-what-extent-do-you-agree-with-the-following-statement-there-are-cases-in-which-my-representative-s-know-better-than-me-what-s-good-for-me
2023-032_q2,5,5,0.12261765613283891,12.26,122.61765613283924,122,false,https://reports.verasight.io/reports/mpsa-2023-omnibus-survey-2023-032#to-what-extent-do-you-agree-with-the-following-statement-there-are-cases-in-which-my-representative-s-know-better-than-me-what-s-good-for-me
2023-032_q2,6,6,0.06785116109604157,6.79,67.85116109604175,73,false,https://reports.verasight.io/reports/mpsa-2023-omnibus-survey-2023-032#to-what-extent-do-you-agree-with-the-following-statement-there-are-cases-in-which-my-representative-s-know-better-than-me-what-s-good-for-me
2023-032_q2,7,Strongly agree 7,0.08374365923113687,8.37,83.7436592311371,87,false,https://reports.verasight.io/reports/mpsa-2023-omnibus-survey-2023-032#to-what-extent-do-you-agree-with-the-following-statement-there-are-cases-in-which-my-representative-s-know-better-than-me-what-s-good-for-me
2023-032_q21,1,Would be less likely to vote for him/her,0.5084115814429007,50.84,508.41158144290205,530,false,https://reports.verasight.io/reports/mpsa-2023-omnibus-survey-2023-032#how-would-you-change-your-likelihood-to-vote-for-a-candidate-for-congress-if-it-emerges-that-they-made-a-remark-that-could-be-interpreted-as-racist-during-a-private-conversation
2023-032_q21,2,"Neither more nor less likely to vote for him/her, given everything else I would know about the candidate",0.4209440001454067,42.09,420.94400014540787,387,false,https://reports.verasight.io/reports/mpsa-2023-omnibus-survey-2023-032#how-would-you-change-your-likelihood-to-vote-for-a-candidate-for-congress-if-it-emerges-that-they-made-a-remark-that-could-be-interpreted-as-racist-during-a-private-conversation
2023-032_q21,3,Would be more likely to vote for him/her,0.07064441841169271,7.06,70.6444184116929,83,false,https://reports.verasight.io/reports/mpsa-2023-omnibus-survey-2023-032#how-would-you-change-your-likelihood-to-vote-for-a-candidate-for-congress-if-it-emerges-that-they-made-a-remark-that-could-be-interpreted-as-racist-during-a-private-conversation
2023-032_q22,1,1 No effort at all,0.07567140000796349,7.57,75.6714000079637,72,false,https://reports.verasight.io/reports/mpsa-2023-omnibus-survey-2023-032#on-a-scale-of-1-to-10-how-would-you-rate-your-city-or-town-s-efforts-in-promoting-voter-registration-and-civic-engagement-opportunities
2023-032_q22,2,2,0.03672223641687667,3.67,36.72223641687677,39,false,https://reports.verasight.io/reports/mpsa-2023-omnibus-survey-2023-032#on-a-scale-of-1-to-10-how-would-you-rate-your-city-or-town-s-efforts-in-promoting-voter-registration-and-civic-engagement-opportunities
2023-032_q22,3,3,0.0670913597173055,6.71,67.09135971730568,62,false,https://reports.verasight.io/reports/mpsa-2023-omnibus-survey-2023-032#on-a-scale-of-1-to-10-how-would-you-rate-your-city-or-town-s-efforts-in-promoting-voter-registration-and-civic-engagement-opportunities
2023-032_q22,4,4,0.053128888761813195,5.31,53.12888876181334,52,false,https://reports.verasight.io/reports/mpsa-2023-omnibus-survey-2023-032#on-a-scale-of-1-to-10-how-would-you-rate-your-city-or-town-s-efforts-in-promoting-voter-registration-and-civic-engagement-opportunities
2023-032_q22,5,5 Moderate effort,0.3324393704759188,33.24,332.4393704759197,325,false,https://reports.verasight.io/reports/mpsa-2023-omnibus-survey-2023-032#on-a-scale-of-1-to-10-how-would-you-rate-your-city-or-town-s-efforts-in-promoting-voter-registration-and-civic-engagement-opportunities
2023-032_q22,6,6,0.05761616501116257,5.76,57.61616501116273,63,false,https://reports.verasight.io/reports/mpsa-2023-omnibus-survey-2023-032#on-a-scale-of-1-to-10-how-would-you-rate-your-city-or-town-s-efforts-in-promoting-voter-registration-and-civic-engagement-opportunities
2023-032_q22,7,7,0.08654554013968292,8.65,86.54554013968315,83,false,https://reports.verasight.io/reports/mpsa-2023-omnibus-survey-2023-032#on-a-scale-of-1-to-10-how-would-you-rate-your-city-or-town-s-efforts-in-promoting-voter-registration-and-civic-engagement-opportunities
2023-032_q22,8,8,0.12992306987457516,12.99,129.92306987457553,121,false,https://reports.verasight.io/reports/mpsa-2023-omnibus-survey-2023-032#on-a-scale-of-1-to-10-how-would-you-rate-your-city-or-town-s-efforts-in-promoting-voter-registration-and-civic-engagement-opportunities
2023-032_q22,9,9,0.05382080317439472,5.38,53.82080317439487,64,false,https://reports.verasight.io/reports/mpsa-2023-omnibus-survey-2023-032#on-a-scale-of-1-to-10-how-would-you-rate-your-city-or-town-s-efforts-in-promoting-voter-registration-and-civic-engagement-opportunities
2023-032_q22,10,10 Very strong effort,0.10704116642030706,10.7,107.04116642030735,119,false,https://reports.verasight.io/reports/mpsa-2023-omnibus-survey-2023-032#on-a-scale-of-1-to-10-how-would-you-rate-your-city-or-town-s-efforts-in-promoting-voter-registration-and-civic-engagement-opportunities
2023-032_q23,1,q23_1,0.1830512701997046,18.31,183.0512701997051,191,false,https://reports.verasight.io/reports/mpsa-2023-omnibus-survey-2023-032#please-indicate-whether-you-think-that-your-race-has-made-things-more-difficult-for-you-in-any-of-the-following-ways
2023-032_q23,2,q23_2,0.09448059337099503,9.45,94.48059337099528,86,false,https://reports.verasight.io/reports/mpsa-2023-omnibus-survey-2023-032#please-indicate-whether-you-think-that-your-race-has-made-things-more-difficult-for-you-in-any-of-the-following-ways
2023-032_q23,3,q23_3,0.20163063140820786,20.16,201.63063140820842,195,false,https://reports.verasight.io/reports/mpsa-2023-omnibus-survey-2023-032#please-indicate-whether-you-think-that-your-race-has-made-things-more-difficult-for-you-in-any-of-the-following-ways
2023-032_q23,4,q23_4,0.1598076907956477,15.98,159.8076907956481,164,false,https://reports.verasight.io/reports/mpsa-2023-omnibus-survey-2023-032#please-indicate-whether-you-think-that-your-race-has-made-things-more-difficult-for-you-in-any-of-the-following-ways
2023-032_q23,5,q23_5,0.1399780864992458,14.0,139.9780864992462,138,false,https://reports.verasight.io/reports/mpsa-2023-omnibus-survey-2023-032#please-indicate-whether-you-think-that-your-race-has-made-things-more-difficult-for-you-in-any-of-the-following-ways
2023-032_q23,6,q23_6,0.18111636554913146,18.11,181.11636554913196,171,false,https://reports.verasight.io/reports/mpsa-2023-omnibus-survey-2023-032#please-indicate-whether-you-think-that-your-race-has-made-things-more-difficult-for-you-in-any-of-the-following-ways
2023-032_q23,7,q23_7,0.2178917252312621,21.79,217.89172523126268,224,false,https://reports.verasight.io/reports/mpsa-2023-omnibus-survey-2023-032#please-indicate-whether-you-think-that-your-race-has-made-things-more-difficult-for-you-in-any-of-the-following-ways
2023-032_q23,8,q23_8,0.5380898507450915,53.81,538.089850745093,546,false,https://reports.verasight.io/reports/mpsa-2023-omnibus-survey-2023-032#please-indicate-whether-you-think-that-your-race-has-made-things-more-difficult-for-you-in-any-of-the-following-ways
2023-032_q25,1,A lot,0.13750982004399723,13.75,137.5098200439976,152,false,https://reports.verasight.io/reports/mpsa-2023-omnibus-survey-2023-032#how-much-if-at-all-do-you-trust-the-information-you-get-from-network-news-organizations-e-g-abc-cbs-nbc
2023-032_q25,2,Some,0.42002568010243563,42.0,420.02568010243675,443,false,https://reports.verasight.io/reports/mpsa-2023-omnibus-survey-2023-032#how-much-if-at-all-do-you-trust-the-information-you-get-from-network-news-organizations-e-g-abc-cbs-nbc
2023-032_q25,3,Not too much,0.2408459660822903,24.08,240.84596608229097,227,false,https://reports.verasight.io/reports/mpsa-2023-omnibus-survey-2023-032#how-much-if-at-all-do-you-trust-the-information-you-get-from-network-news-organizations-e-g-abc-cbs-nbc
2023-032_q25,4,Not at all,0.201618533771277,20.16,201.61853377127755,178,false,https://reports.verasight.io/reports/mpsa-2023-omnibus-survey-2023-032#how-much-if-at-all-do-you-trust-the-information-you-get-from-network-news-organizations-e-g-abc-cbs-nbc
2023-032_q26,1,Strongly Disagree,0.1500058375050079,15.0,150.00583750500832,157,false,https://reports.verasight.io/reports/mpsa-2023-omnibus-survey-2023-032#please-rate-the-extent-to-which-you-agree-or-disagree-with-the-following-statement-in-politics-the-majority-should-get-what-it-wants-no-matter-what-the-minority-wants
2023-032_q26,2,Disagree,0.13638401143147752,13.64,136.3840114314779,145,false,https://reports.verasight.io/reports/mpsa-2023-omnibus-survey-2023-032#please-rate-the-extent-to-which-you-agree-or-disagree-with-the-following-statement-in-politics-the-majority-should-get-what-it-wants-no-matter-what-the-minority-wants
2023-032_q26,3,Somewhat Disagree,0.16648955094881787,16.65,166.48955094881833,162,false,https://reports.verasight.io/reports/mpsa-2023-omnibus-survey-2023-032#please-rate-the-extent-to-which-you-agree-or-disagree-with-the-following-statement-in-politics-the-majority-should-get-what-it-wants-no-matter-what-the-minority-wants
2023-032_q26,4,Neither Agree Nor Disagree,0.24867246027848558,24.87,248.67246027848626,242,false,https://reports.verasight.io/reports/mpsa-2023-omnibus-survey-2023-032#please-rate-the-extent-to-which-you-agree-or-disagree-with-the-following-statement-in-politics-the-majority-should-get-what-it-wants-no-matter-what-the-minority-wants
2023-032_q26,5,Somewhat Agree,0.16069970516442048,16.07,160.69970516442092,158,false,https://reports.verasight.io/reports/mpsa-2023-omnibus-survey-2023-032#please-rate-the-extent-to-which-you-agree-or-disagree-with-the-following-statement-in-politics-the-majority-should-get-what-it-wants-no-matter-what-the-minority-wants
2023-032_q26,6,Agree,0.08268128540226494,8.27,82.68128540226516,75,false,https://reports.verasight.io/reports/mpsa-2023-omnibus-survey-2023-032#please-rate-the-extent-to-which-you-agree-or-disagree-with-the-following-statement-in-politics-the-majority-should-get-what-it-wants-no-matter-what-the-minority-wants
2023-032_q26,7,Strongly Agree,0.0550671492695258,5.51,55.06714926952595,61,false,https://reports.verasight.io/reports/mpsa-2023-omnibus-survey-2023-032#please-rate-the-extent-to-which-you-agree-or-disagree-with-the-following-statement-in-politics-the-majority-should-get-what-it-wants-no-matter-what-the-minority-wants
2023-032_q27,1,A Democracy,0.5724094164883429,57.24,572.4094164883444,605,false,https://reports.verasight.io/reports/mpsa-2023-omnibus-survey-2023-032#personally-do-you-consider-america-to-be-a-democracy-or-a-republic
2023-032_q27,2,A Republic,0.42759058351165724,42.76,427.5905835116584,395,false,https://reports.verasight.io/reports/mpsa-2023-omnibus-survey-2023-032#personally-do-you-consider-america-to-be-a-democracy-or-a-republic
2023-032_q28,1,Favorable,0.13101048642466231,13.1,131.01048642466267,137,false,https://reports.verasight.io/reports/mpsa-2023-omnibus-survey-2023-032#do-you-generally-have-a-favorable-or-unfavorable-opinion-of-tottenham-hotspur
2023-032_q28,2,Unfavorable,0.04977367447036905,4.98,49.77367447036919,53,false,https://reports.verasight.io/reports/mpsa-2023-omnibus-survey-2023-032#do-you-generally-have-a-favorable-or-unfavorable-opinion-of-tottenham-hotspur
2023-032_q28,3,Don’t know,0.13859189713562717,13.86,138.59189713562753,136,false,https://reports.verasight.io/reports/mpsa-2023-omnibus-survey-2023-032#do-you-generally-have-a-favorable-or-unfavorable-opinion-of-tottenham-hotspur
2023-032_q28,4,I haven’t heard of them,0.6806239419693416,68.06,680.6239419693435,674,false,https://reports.verasight.io/reports/mpsa-2023-omnibus-survey-2023-032#do-you-generally-have-a-favorable-or-unfavorable-opinion-of-tottenham-hotspur
2023-032_q3,1,q3_1,0.9774805603404328,97.75,977.4805603404355,979,false,https://reports.verasight.io/reports/mpsa-2023-omnibus-survey-2023-032#what-language-s-do-you-usually-speak-at-home-choose-all-that-apply
2023-032_q3,2,q3_2,0.07631010236591373,7.63,76.31010236591395,57,false,https://reports.verasight.io/reports/mpsa-2023-omnibus-survey-2023-032#what-language-s-do-you-usually-speak-at-home-choose-all-that-apply
2023-032_q3,3,q3_3,0.003448184430759353,0.34,3.4481844307593623,3,false,https://reports.verasight.io/reports/mpsa-2023-omnibus-survey-2023-032#what-language-s-do-you-usually-speak-at-home-choose-all-that-apply
2023-032_q3,4,q3_4,0.014884320333022678,1.49,14.88432033302272,14,false,https://reports.verasight.io/reports/mpsa-2023-omnibus-survey-2023-032#what-language-s-do-you-usually-speak-at-home-choose-all-that-apply
2023-032_q3,5,q3_5,0.005326111334817936,0.53,5.32611133481795,5,false,https://reports.verasight.io/reports/mpsa-2023-omnibus-survey-2023-032#what-language-s-do-you-usually-speak-at-home-choose-all-that-apply
2023-032_q3,6,q3_6,0.005123670265582176,0.51,5.123670265582191,4,false,https://reports.verasight.io/reports/mpsa-2023-omnibus-survey-2023-032#what-language-s-do-you-usually-speak-at-home-choose-all-that-apply
2023-032_q3,7,q3_7,0.0012733289033126827,0.13,1.2733289033126862,2,false,https://reports.verasight.io/reports/mpsa-2023-omnibus-survey-2023-032#what-language-s-do-you-usually-speak-at-home-choose-all-that-apply
2023-032_q3,8,q3_8,0.01369291129222699,1.37,13.692911292227027,14,false,https://reports.verasight.io/reports/mpsa-2023-omnibus-survey-2023-032#what-language-s-do-you-usually-speak-at-home-choose-all-that-apply
2023-032_q30,1,Yes,0.0882148538646505,8.82,88.21485386465073,98,false,https://reports.verasight.io/reports/mpsa-2023-omnibus-survey-2023-032#have-you-participated-in-a-demonstration-in-the-last-12-months
2023-032_q30,2,No,0.899460393290992,89.95,899.4603932909945,886,false,https://reports.verasight.io/reports/mpsa-2023-omnibus-survey-2023-032#have-you-participated-in-a-demonstration-in-the-last-12-months
2023-032_q30,3,Prefer not to answer,0.012324752844357589,1.23,12.324752844357622,16,false,https://reports.verasight.io/reports/mpsa-2023-omnibus-survey-2023-032#have-you-participated-in-a-demonstration-in-the-last-12-months
2023-032_q31,1,Very Privileged,0.11323434047008696,11.32,113.23434047008726,99,false,https://reports.verasight.io/reports/mpsa-2023-omnibus-survey-2023-032#relative-to-yourself-would-you-say-that-people-with-student-loan-debt-are-overall-as-a-group
2023-032_q31,2,Somewhat Privileged,0.33440404331624746,33.44,334.40404331624836,322,false,https://reports.verasight.io/reports/mpsa-2023-omnibus-survey-2023-032#relative-to-yourself-would-you-say-that-people-with-student-loan-debt-are-overall-as-a-group
2023-032_q31,3,Somewhat Disadvantaged,0.42881910415120716,42.88,428.8191041512083,448,false,https://reports.verasight.io/reports/mpsa-2023-omnibus-survey-2023-032#relative-to-yourself-would-you-say-that-people-with-student-loan-debt-are-overall-as-a-group
2023-032_q31,4,Very Disadvantaged,0.12354251206245859,12.35,123.54251206245893,131,false,https://reports.verasight.io/reports/mpsa-2023-omnibus-survey-2023-032#relative-to-yourself-would-you-say-that-people-with-student-loan-debt-are-overall-as-a-group
2023-032_q32,1,Very favorable,0.14264737518706996,14.26,142.64737518707037,154,false,https://reports.verasight.io/reports/mpsa-2023-omnibus-survey-2023-032#what-is-your-overall-opinion-of-austria-the-country-in-europe
2023-032_q32,2,Somewhat favorable,0.25052700105546927,25.05,250.52700105546995,259,false,https://reports.verasight.io/reports/mpsa-2023-omnibus-survey-2023-032#what-is-your-overall-opinion-of-austria-the-country-in-europe
2023-032_q32,3,Middle of the road,0.5625511051788826,56.26,562.5511051788842,543,false,https://reports.verasight.io/reports/mpsa-2023-omnibus-survey-2023-032#what-is-your-overall-opinion-of-austria-the-country-in-europe
2023-032_q32,4,Somewhat unfavorable,0.03175878715711195,3.18,31.758787157112035,30,false,https://reports.verasight.io/reports/mpsa-2023-omnibus-survey-2023-032#what-is-your-overall-opinion-of-austria-the-country-in-europe
2023-032_q32,5,Very unfavorable,0.01251573142146625,1.25,12.515731421466283,14,false,https://reports.verasight.io/reports/mpsa-2023-omnibus-survey-2023-032#what-is-your-overall-opinion-of-austria-the-country-in-europe
2023-032_q33,1,q33_1,0.4882317435447354,48.82,488.23174354473673,477,false,https://reports.verasight.io/reports/mpsa-2023-omnibus-survey-2023-032#select-one-or-more
2023-032_q33,2,q33_10,0.06623076692263283,6.62,66.23076692263301,73,false,https://reports.verasight.io/reports/mpsa-2023-omnibus-survey-2023-032#select-one-or-more
2023-032_q33,3,q33_2,0.18134744488509433,18.13,181.34744488509483,192,false,https://reports.verasight.io/reports/mpsa-2023-omnibus-survey-2023-032#select-one-or-more
2023-032_q33,4,q33_3,0.141470606878806,14.15,141.4706068788064,142,false,https://reports.verasight.io/reports/mpsa-2023-omnibus-survey-2023-032#select-one-or-more
2023-032_q33,5,q33_4,0.15838164383244469,15.84,158.38164383244512,149,false,https://reports.verasight.io/reports/mpsa-2023-omnibus-survey-2023-032#select-one-or-more
2023-032_q33,6,q33_5,0.1184404723824359,11.84,118.44047238243621,121,false,https://reports.verasight.io/reports/mpsa-2023-omnibus-survey-2023-032#select-one-or-more
2023-032_q33,7,q33_6,0.23392437712092334,23.39,233.924377120924,249,false,https://reports.verasight.io/reports/mpsa-2023-omnibus-survey-2023-032#select-one-or-more
2023-032_q33,8,q33_7,0.1908894674640073,19.09,190.88946746400782,220,false,https://reports.verasight.io/reports/mpsa-2023-omnibus-survey-2023-032#select-one-or-more
2023-032_q33,9,q33_8,0.15000740439518392,15.0,150.00740439518432,148,false,https://reports.verasight.io/reports/mpsa-2023-omnibus-survey-2023-032#select-one-or-more
2023-032_q33,10,q33_9,0.26054579892559726,26.05,260.545798925598,276,false,https://reports.verasight.io/reports/mpsa-2023-omnibus-survey-2023-032#select-one-or-more
2023-032_q34_1,1,5 Very responsible,0.5863363520526799,58.63,286.2680194663405,283,false,https://reports.verasight.io/reports/mpsa-2023-omnibus-survey-2023-032#justices-on-the-supreme-court
2023-032_q34_1,2,4,0.2547746045225466,25.48,124.3890493769637,114,false,https://reports.verasight.io/reports/mpsa-2023-omnibus-survey-2023-032#justices-on-the-supreme-court
2023-032_q34_1,3,3,0.1129525300624518,11.3,55.14701069018014,60,false,https://reports.verasight.io/reports/mpsa-2023-omnibus-survey-2023-032#justices-on-the-supreme-court
2023-032_q34_1,4,2,0.023633834337404347,2.36,11.538788145198394,10,false,https://reports.verasight.io/reports/mpsa-2023-omnibus-survey-2023-032#justices-on-the-supreme-court
2023-032_q34_1,5,1 A little responsible,0.022302679024917407,2.23,10.888875866054056,10,false,https://reports.verasight.io/reports/mpsa-2023-omnibus-survey-2023-032#justices-on-the-supreme-court
2023-032_q34_10,1,5 Very responsible,0.42893162711499316,42.89,28.408470621198845,29,false,https://reports.verasight.io/reports/mpsa-2023-omnibus-survey-2023-032#other-please-specify
2023-032_q34_10,2,4,0.06425129393151428,6.43,4.255412472855707,4,false,https://reports.verasight.io/reports/mpsa-2023-omnibus-survey-2023-032#other-please-specify
2023-032_q34_10,3,3,0.3533816039388806,35.34,23.40473464522221,30,false,https://reports.verasight.io/reports/mpsa-2023-omnibus-survey-2023-032#other-please-specify
2023-032_q34_10,4,2,0.016430643318175623,1.64,1.0882141079950072,1,false,https://reports.verasight.io/reports/mpsa-2023-omnibus-survey-2023-032#other-please-specify
2023-032_q34_10,5,1 A little responsible,0.13700483169643643,13.7,9.073935075361245,9,false,https://reports.verasight.io/reports/mpsa-2023-omnibus-survey-2023-032#other-please-specify
2023-032_q34_2,1,5 Very responsible,0.5257894567168172,52.58,95.35057452311696,96,false,https://reports.verasight.io/reports/mpsa-2023-omnibus-survey-2023-032#joe-biden
2023-032_q34_2,2,4,0.19075582823607373,19.08,34.593082047551995,42,false,https://reports.verasight.io/reports/mpsa-2023-omnibus-survey-2023-032#joe-biden
2023-032_q34_2,3,3,0.17782963391518758,17.78,32.24894973537107,35,false,https://reports.verasight.io/reports/mpsa-2023-omnibus-survey-2023-032#joe-biden
2023-032_q34_2,4,2,0.05100002829931739,5.1,9.248724821148738,9,false,https://reports.verasight.io/reports/mpsa-2023-omnibus-survey-2023-032#joe-biden
2023-032_q34_2,5,1 A little responsible,0.054625052832604125,5.46,9.90611375790607,10,false,https://reports.verasight.io/reports/mpsa-2023-omnibus-survey-2023-032#joe-biden
2023-032_q34_3,1,5 Very responsible,0.5228823106508361,52.29,73.97247781396636,74,false,https://reports.verasight.io/reports/mpsa-2023-omnibus-survey-2023-032#donald-trump
2023-032_q34_3,2,4,0.220217738414844,22.02,31.154337099026215,34,false,https://reports.verasight.io/reports/mpsa-2023-omnibus-survey-2023-032#donald-trump
2023-032_q34_3,3,3,0.18659315605814222,18.66,26.39744702697721,25,false,https://reports.verasight.io/reports/mpsa-2023-omnibus-survey-2023-032#donald-trump
2023-032_q34_3,4,2,0.034978111235456764,3.5,4.948374623954465,3,false,https://reports.verasight.io/reports/mpsa-2023-omnibus-survey-2023-032#donald-trump
2023-032_q34_3,5,1 A little responsible,0.03532868364072092,3.53,4.9979703148821475,6,false,https://reports.verasight.io/reports/mpsa-2023-omnibus-survey-2023-032#donald-trump
2023-032_q34_4,1,5 Very responsible,0.31090090536842185,31.09,49.24099646124612,43,false,https://reports.verasight.io/reports/mpsa-2023-omnibus-survey-2023-032#democrats-in-the-house-of-representatives
2023-032_q34_4,2,4,0.35748627023459917,35.75,56.619263127285514,59,false,https://reports.verasight.io/reports/mpsa-2023-omnibus-survey-2023-032#democrats-in-the-house-of-representatives
2023-032_q34_4,3,3,0.24529176335284328,24.53,38.84971269838244,34,false,https://reports.verasight.io/reports/mpsa-2023-omnibus-survey-2023-032#democrats-in-the-house-of-representatives
2023-032_q34_4,4,2,0.06447008708357012,6.45,10.210878370316724,10,false,https://reports.verasight.io/reports/mpsa-2023-omnibus-survey-2023-032#democrats-in-the-house-of-representatives
2023-032_q34_4,5,1 A little responsible,0.021850973960565522,2.19,3.460793175214321,3,false,https://reports.verasight.io/reports/mpsa-2023-omnibus-survey-2023-032#democrats-in-the-house-of-representatives
2023-032_q34_5,1,5 Very responsible,0.39828583739561224,39.83,47.173162724370485,47,false,https://reports.verasight.io/reports/mpsa-2023-omnibus-survey-2023-032#democrats-in-the-senate
2023-032_q34_5,2,4,0.2599763116211176,26.0,30.79171715664861,35,false,https://reports.verasight.io/reports/mpsa-2023-omnibus-survey-2023-032#democrats-in-the-senate
2023-032_q34_5,3,3,0.24057262669118415,24.06,28.493535547587328,28,false,https://reports.verasight.io/reports/mpsa-2023-omnibus-survey-2023-032#democrats-in-the-senate
2023-032_q34_5,4,2,0.05238106456623748,5.24,6.204038031120057,6,false,https://reports.verasight.io/reports/mpsa-2023-omnibus-survey-2023-032#democrats-in-the-senate
2023-032_q34_5,5,1 A little responsible,0.04878415972584859,4.88,5.778018922709726,5,false,https://reports.verasight.io/reports/mpsa-2023-omnibus-survey-2023-032#democrats-in-the-senate
2023-032_q34_6,1,5 Very responsible,0.4381819982911133,43.82,102.50145101585046,111,false,https://reports.verasight.io/reports/mpsa-2023-omnibus-survey-2023-032#republicans-in-the-house-of-representatives
2023-032_q34_6,2,4,0.316126244737021,31.61,73.94963489168441,78,false,https://reports.verasight.io/reports/mpsa-2023-omnibus-survey-2023-032#republicans-in-the-house-of-representatives
2023-032_q34_6,3,3,0.20863509123263715,20.86,48.8048337621618,54,false,https://reports.verasight.io/reports/mpsa-2023-omnibus-survey-2023-032#republicans-in-the-house-of-representatives
2023-032_q34_6,4,2,0.029029308493170265,2.9,6.790662907516003,4,false,https://reports.verasight.io/reports/mpsa-2023-omnibus-survey-2023-032#republicans-in-the-house-of-representatives
2023-032_q34_6,5,1 A little responsible,0.00802735724605821,0.8,1.8777945437113028,2,false,https://reports.verasight.io/reports/mpsa-2023-omnibus-survey-2023-032#republicans-in-the-house-of-representatives
2023-032_q34_7,1,5 Very responsible,0.4608791965102091,46.09,87.97698438707361,108,false,https://reports.verasight.io/reports/mpsa-2023-omnibus-survey-2023-032#republicans-in-the-senate
2023-032_q34_7,2,4,0.3402063362983086,34.02,64.94180636386527,70,false,https://reports.verasight.io/reports/mpsa-2023-omnibus-survey-2023-032#republicans-in-the-senate
2023-032_q34_7,3,3,0.16137355589388064,16.14,30.80451214735617,36,false,https://reports.verasight.io/reports/mpsa-2023-omnibus-survey-2023-032#republicans-in-the-senate
2023-032_q34_7,4,2,0.02977449394280719,2.98,5.68363729275279,3,false,https://reports.verasight.io/reports/mpsa-2023-omnibus-survey-2023-032#republicans-in-the-senate
2023-032_q34_7,5,1 A little responsible,0.007766417354794659,0.78,1.4825272729599805,3,false,https://reports.verasight.io/reports/mpsa-2023-omnibus-survey-2023-032#republicans-in-the-senate
2023-032_q34_8,1,5 Very responsible,0.3528757470612719,35.29,52.93397489067299,52,false,https://reports.verasight.io/reports/mpsa-2023-omnibus-survey-2023-032#field-policy-text2-activists
2023-032_q34_8,2,4,0.2076698611109704,20.77,31.1520168363651,35,false,https://reports.verasight.io/reports/mpsa-2023-omnibus-survey-2023-032#field-policy-text2-activists
2023-032_q34_8,3,3,0.2996624051603427,29.97,44.9515795929211,41,false,https://reports.verasight.io/reports/mpsa-2023-omnibus-survey-2023-032#field-policy-text2-activists
2023-032_q34_8,4,2,0.07280242759871625,7.28,10.920903197751755,10,false,https://reports.verasight.io/reports/mpsa-2023-omnibus-survey-2023-032#field-policy-text2-activists
2023-032_q34_8,5,1 A little responsible,0.06698955906869872,6.7,10.048929877473377,10,false,https://reports.verasight.io/reports/mpsa-2023-omnibus-survey-2023-032#field-policy-text2-activists
2023-032_q34_9,1,5 Very responsible,0.45691325806214367,45.69,119.04682986149915,137,false,https://reports.verasight.io/reports/mpsa-2023-omnibus-survey-2023-032#field-policy-text3
2023-032_q34_9,2,4,0.29171068288525426,29.17,76.00399292747034,80,false,https://reports.verasight.io/reports/mpsa-2023-omnibus-survey-2023-032#field-policy-text3
2023-032_q34_9,3,3,0.19860733124983646,19.86,51.74630579296952,47,false,https://reports.verasight.io/reports/mpsa-2023-omnibus-survey-2023-032#field-policy-text3
2023-032_q34_9,4,2,0.015353979532376029,1.54,4.0004148639501915,4,false,https://reports.verasight.io/reports/mpsa-2023-omnibus-survey-2023-032#field-policy-text3
2023-032_q34_9,5,1 A little responsible,0.037414748270389486,3.74,9.748255479708764,8,false,https://reports.verasight.io/reports/mpsa-2023-omnibus-survey-2023-032#field-policy-text3
2023-032_q35,1,q35_1,0.22006417649015877,22.01,220.06417649015938,204,false,https://reports.verasight.io/reports/mpsa-2023-omnibus-survey-2023-032#by-law
2023-032_q35,2,q35_2,0.24325688638395299,24.33,243.25688638395366,231,false,https://reports.verasight.io/reports/mpsa-2023-omnibus-survey-2023-032#by-law
2023-032_q35,3,q35_3,0.11144299756326585,11.14,111.44299756326616,109,false,https://reports.verasight.io/reports/mpsa-2023-omnibus-survey-2023-032#by-law
2023-032_q35,4,q35_4,0.4252359395626224,42.52,425.23593956262357,456,false,https://reports.verasight.io/reports/mpsa-2023-omnibus-survey-2023-032#by-law
2023-032_q36,1,Less than 10 percent would not vote for a woman,0.11011687272496819,11.01,110.11687272496849,98,false,https://reports.verasight.io/reports/mpsa-2023-omnibus-survey-2023-032#what-percentage-of-americans-do-you-think-would-not-vote-for-a-woman-for-president-if-their-party-nominated-one
2023-032_q36,2,Between 10-20 percent,0.17588490229161383,17.59,175.8849022916143,171,false,https://reports.verasight.io/reports/mpsa-2023-omnibus-survey-2023-032#what-percentage-of-americans-do-you-think-would-not-vote-for-a-woman-for-president-if-their-party-nominated-one
2023-032_q36,3,Between 20-30 percent,0.21076522804659473,21.08,210.7652280465953,218,false,https://reports.verasight.io/reports/mpsa-2023-omnibus-survey-2023-032#what-percentage-of-americans-do-you-think-would-not-vote-for-a-woman-for-president-if-their-party-nominated-one
2023-032_q36,4,Between 30-40 percent,0.18313106261223144,18.31,183.13106261223194,195,false,https://reports.verasight.io/reports/mpsa-2023-omnibus-survey-2023-032#what-percentage-of-americans-do-you-think-would-not-vote-for-a-woman-for-president-if-their-party-nominated-one
2023-032_q36,5,Between 40-50 percent,0.13910330669181828,13.91,139.10330669181866,142,false,https://reports.verasight.io/reports/mpsa-2023-omnibus-survey-2023-032#what-percentage-of-americans-do-you-think-would-not-vote-for-a-woman-for-president-if-their-party-nominated-one
2023-032_q36,6,Between 50-60 percent,0.10378820952988249,10.38,103.78820952988278,98,false,https://reports.verasight.io/reports/mpsa-2023-omnibus-survey-2023-032#what-percentage-of-americans-do-you-think-would-not-vote-for-a-woman-for-president-if-their-party-nominated-one
2023-032_q36,7,More than 60 percent would not vote for a woman,0.07721041810289113,7.72,77.21041810289134,78,false,https://reports.verasight.io/reports/mpsa-2023-omnibus-survey-2023-032#what-percentage-of-americans-do-you-think-would-not-vote-for-a-woman-for-president-if-their-party-nominated-one
2023-032_q37,1,q37_1,0.5366032675828527,53.66,536.6032675828542,540,false,https://reports.verasight.io/reports/mpsa-2023-omnibus-survey-2023-032#when-you-buy-groceries-at-a-grocery-store-do-you-use-a-self-checkout-machine-to-pay-or-do-you-prefer-to-pay-at-a-cashier
2023-032_q37,2,q37_2,0.5123770927810481,51.24,512.3770927810496,509,false,https://reports.verasight.io/reports/mpsa-2023-omnibus-survey-2023-032#when-you-buy-groceries-at-a-grocery-store-do-you-use-a-self-checkout-machine-to-pay-or-do-you-prefer-to-pay-at-a-cashier
2023-032_q38,1,Yes,0.2009361171762914,20.09,200.4991860964223,192,false,https://reports.verasight.io/reports/mpsa-2023-omnibus-survey-2023-032#do-you-believe-that-there-is-a-global-cabal-trafficking-children-and-drinking-their-blood
2023-032_q38,2,No,0.5162309635669757,51.62,515.1084309155895,522,false,https://reports.verasight.io/reports/mpsa-2023-omnibus-survey-2023-032#do-you-believe-that-there-is-a-global-cabal-trafficking-children-and-drinking-their-blood
2023-032_q38,3,Unsure,0.2828329192567329,28.28,282.21790541765813,283,false,https://reports.verasight.io/reports/mpsa-2023-omnibus-survey-2023-032#do-you-believe-that-there-is-a-global-cabal-trafficking-children-and-drinking-their-blood
2023-032_q4,1,q4_1,0.7185336067607379,71.85,717.6541689590782,744,false,https://reports.verasight.io/reports/mpsa-2023-omnibus-survey-2023-032#what-is-your-race-ethnicity
2023-032_q4,2,q4_2,0.14306087763478878,14.31,142.8857805446223,153,false,https://reports.verasight.io/reports/mpsa-2023-omnibus-survey-2023-032#what-is-your-race-ethnicity
2023-032_q4,3,q4_3,0.12287944899417724,12.29,122.72905264322608,81,false,https://reports.verasight.io/reports/mpsa-2023-omnibus-survey-2023-032#what-is-your-race-ethnicity
2023-032_q4,4,q4_4,0.003925010288389459,0.39,3.9202063343544147,4,false,https://reports.verasight.io/reports/mpsa-2023-omnibus-survey-2023-032#what-is-your-race-ethnicity
2023-032_q4,5,q4_5,0.007377442520493379,0.74,7.36841301683336,7,false,https://reports.verasight.io/reports/mpsa-2023-omnibus-survey-2023-032#what-is-your-race-ethnicity
2023-032_q4,6,q4_6,0.056807796752755886,5.68,56.73826775171362,51,false,https://reports.verasight.io/reports/mpsa-2023-omnibus-survey-2023-032#what-is-your-race-ethnicity
2023-032_q4,7,q4_7,0.005078327584636471,0.51,5.072112046204978,7,false,https://reports.verasight.io/reports/mpsa-2023-omnibus-survey-2023-032#what-is-your-race-ethnicity
2023-032_q5,1,Yes,0.273743848150984,27.37,273.4088037135762,260,false,https://reports.verasight.io/reports/mpsa-2023-omnibus-survey-2023-032#should-people-be-sentenced-to-jail-time-for-misdemeanor-crimes
2023-032_q5,2,No,0.536426169604685,53.64,535.7696193098748,542,false,https://reports.verasight.io/reports/mpsa-2023-omnibus-survey-2023-032#should-people-be-sentenced-to-jail-time-for-misdemeanor-crimes
2023-032_q5,3,Don’t know,0.1898299822443311,18.98,189.59764285101218,197,false,https://reports.verasight.io/reports/mpsa-2023-omnibus-survey-2023-032#should-people-be-sentenced-to-jail-time-for-misdemeanor-crimes
2023-032_q6,1,q6_1,0.7413051664597358,74.13,740.3978577690689,745,false,https://reports.verasight.io/reports/mpsa-2023-omnibus-survey-2023-032#which-group-s-come-to-mind-when-you-think-of-people-of-color-racial-minorities
2023-032_q6,2,q6_2,0.4772569874837829,47.73,476.67285637015055,475,false,https://reports.verasight.io/reports/mpsa-2023-omnibus-survey-2023-032#which-group-s-come-to-mind-when-you-think-of-people-of-color-racial-minorities
2023-032_q6,3,q6_3,0.410383171829107,41.04,409.88088986055925,413,false,https://reports.verasight.io/reports/mpsa-2023-omnibus-survey-2023-032#which-group-s-come-to-mind-when-you-think-of-people-of-color-racial-minorities
2023-032_q6,4,q6_4,0.4644381615210701,46.44,463.8697198059828,470,false,https://reports.verasight.io/reports/mpsa-2023-omnibus-survey-2023-032#which-group-s-come-to-mind-when-you-think-of-people-of-color-racial-minorities
2023-032_q6,5,q6_5,0.07562919646669267,7.56,75.53663131225014,76,false,https://reports.verasight.io/reports/mpsa-2023-omnibus-survey-2023-032#which-group-s-come-to-mind-when-you-think-of-people-of-color-racial-minorities
2023-032_q6,6,q6_6,0.10655474185550955,10.66,106.42432587071481,107,false,https://reports.verasight.io/reports/mpsa-2023-omnibus-survey-2023-032#which-group-s-come-to-mind-when-you-think-of-people-of-color-racial-minorities
2023-032_q7,1,Yes,0.2597537852935666,25.98,259.43586377150837,255,false,https://reports.verasight.io/reports/mpsa-2023-omnibus-survey-2023-032#have-you-ever-donated-to-a-political-campaign
2023-032_q7,2,No,0.7132896032638523,71.33,712.4165837770269,721,false,https://reports.verasight.io/reports/mpsa-2023-omnibus-survey-2023-032#have-you-ever-donated-to-a-political-campaign
2023-032_q7,3,Not sure,0.02695661144258132,2.7,26.923618325927904,23,false,https://reports.verasight.io/reports/mpsa-2023-omnibus-survey-2023-032#have-you-ever-donated-to-a-political-campaign
2023-032_q8,1,Not all extreme,0.49679737308163374,49.68,496.18932582324203,512,false,https://reports.verasight.io/reports/mpsa-2023-omnibus-survey-2023-032#thinking-about-your-political-views-where-would-you-place-yourself-on-a-scale-from-not-at-all-extreme-to-very-extreme
2023-032_q8,2,A little extreme,0.1970489908231285,19.7,196.80781583885744,185,false,https://reports.verasight.io/reports/mpsa-2023-omnibus-survey-2023-032#thinking-about-your-political-views-where-would-you-place-yourself-on-a-scale-from-not-at-all-extreme-to-very-extreme
2023-032_q8,3,Somewhat extreme,0.17096417548413526,17.1,170.75492659551594,167,false,https://reports.verasight.io/reports/mpsa-2023-omnibus-survey-2023-032#thinking-about-your-political-views-where-would-you-place-yourself-on-a-scale-from-not-at-all-extreme-to-very-extreme
2023-032_q8,4,Extreme,0.0816145727473703,8.16,81.51468188664367,86,false,https://reports.verasight.io/reports/mpsa-2023-omnibus-survey-2023-032#thinking-about-your-political-views-where-would-you-place-yourself-on-a-scale-from-not-at-all-extreme-to-very-extreme
2023-032_q8,5,Very extreme,0.05357488786373229,5.36,53.50931573020405,49,false,https://reports.verasight.io/reports/mpsa-2023-omnibus-survey-2023-032#thinking-about-your-political-views-where-would-you-place-yourself-on-a-scale-from-not-at-all-extreme-to-very-extreme
2023-032_q9,1,Strongly Disagree,0.2671570546656709,26.72,266.83007202958765,270,false,https://reports.verasight.io/reports/mpsa-2023-omnibus-survey-2023-032#please-rate-the-extent-to-which-you-agree-or-disagree-with-the-following-statement-the-most-important-thing-is-winning-no-matter-what
2023-032_q9,2,Disagree,0.20518622717187496,20.52,204.9350927463491,214,false,https://reports.verasight.io/reports/mpsa-2023-omnibus-survey-2023-032#please-rate-the-extent-to-which-you-agree-or-disagree-with-the-following-statement-the-most-important-thing-is-winning-no-matter-what
2023-032_q9,3,Somewhat Disagree,0.13015827808398434,13.02,129.9989729257162,119,false,https://reports.verasight.io/reports/mpsa-2023-omnibus-survey-2023-032#please-rate-the-extent-to-which-you-agree-or-disagree-with-the-following-statement-the-most-important-thing-is-winning-no-matter-what
2023-032_q9,4,Neither Agree nor Disagree,0.16705798000059402,16.71,166.85351203792803,172,false,https://reports.verasight.io/reports/mpsa-2023-omnibus-survey-2023-032#please-rate-the-extent-to-which-you-agree-or-disagree-with-the-following-statement-the-most-important-thing-is-winning-no-matter-what
2023-032_q9,5,Somewhat Agree,0.11965330400897226,11.97,119.50685624696243,113,false,https://reports.verasight.io/reports/mpsa-2023-omnibus-survey-2023-032#please-rate-the-extent-to-which-you-agree-or-disagree-with-the-following-statement-the-most-important-thing-is-winning-no-matter-what
2023-032_q9,6,Agree,0.05473880498341103,5.47,54.67180829200072,55,false,https://reports.verasight.io/reports/mpsa-2023-omnibus-survey-2023-032#please-rate-the-extent-to-which-you-agree-or-disagree-with-the-following-statement-the-most-important-thing-is-winning-no-matter-what
2023-032_q9,7,Strongly Agree,0.0560483510854926,5.6,55.97975159591899,56,false,https://reports.verasight.io/reports/mpsa-2023-omnibus-survey-2023-032#please-rate-the-extent-to-which-you-agree-or-disagree-with-the-following-statement-the-most-important-thing-is-winning-no-matter-what
2024-006_a121_hobbes,1,Not difficult at all,0.32138504355349184,32.14,321.3850435534927,307,false,https://reports.verasight.io/reports/verasight-interdisciplinary-omnibus-survey-2024-006#if-you-had-to-move-to-a-new-residence-in-the-same-area-as-you-currently-live-how-difficult-would-it-be-for-you-to-find-a-new-place-to-live-as-good-or-better-than-your-current-residence
2024-006_a121_hobbes,2,Somewhat difficult,0.35894169118763175,35.89,358.9416911876327,361,false,https://reports.verasight.io/reports/verasight-interdisciplinary-omnibus-survey-2024-006#if-you-had-to-move-to-a-new-residence-in-the-same-area-as-you-currently-live-how-difficult-would-it-be-for-you-to-find-a-new-place-to-live-as-good-or-better-than-your-current-residence
2024-006_a121_hobbes,3,Difficult,0.16276083898536134,16.28,162.76083898536177,166,false,https://reports.verasight.io/reports/verasight-interdisciplinary-omnibus-survey-2024-006#if-you-had-to-move-to-a-new-residence-in-the-same-area-as-you-currently-live-how-difficult-would-it-be-for-you-to-find-a-new-place-to-live-as-good-or-better-than-your-current-residence
2024-006_a121_hobbes,4,Extremely difficult,0.15691242627351512,15.69,156.91242627351554,166,false,https://reports.verasight.io/reports/verasight-interdisciplinary-omnibus-survey-2024-006#if-you-had-to-move-to-a-new-residence-in-the-same-area-as-you-currently-live-how-difficult-would-it-be-for-you-to-find-a-new-place-to-live-as-good-or-better-than-your-current-residence
